,Log_count,Variable
"D-RIBULOSE-1,5-BISPHOSPHATE:CYTOPLASM",13.30836828515808,True
CARBAMOYL PHOSPHATE:CYTOPLASM,13.30836828515808,True
MESO-DIAMINOPIMELATE:CYTOPLASM,13.30836828515808,True
L-LYSINE:CYTOPLASM,13.30836828515808,True
O-PHOSPHO-L-HOMOSERINE:CYTOPLASM,13.30836828515808,True
GLYCINE:CYTOPLASM,13.30836828515808,True
L-PHENYLALANINE:CYTOPLASM,13.30836828515808,True
3-PHENYL-2-OXOPROPANOATE:CYTOPLASM,13.30836828515808,True
L-ALANINE:CYTOPLASM,13.30836828515808,True
L-ASPARAGINE:CYTOPLASM,13.30836828515808,True
H2CO3:CYTOPLASM,13.30836828515808,True
N-ACETYL-L-GLUTAMATE:CYTOPLASM,13.30836828515808,True
"N-SUCCINYL-L,L-2,6-DIAMINOPIMELATE:CYTOPLASM",13.30836828515808,True
N-ACETYLGLUTAMYL-PHOSPHATE:CYTOPLASM,13.30836828515808,True
N-ACETYL-L-GLUTAMATE 5-SEMIALDEHYDE:CYTOPLASM,13.30836828515808,True
N-ACETYL-L-ORNITHINE:CYTOPLASM,13.30836828515808,True
L-ARGININOSUCCINATE:CYTOPLASM,13.30836828515808,True
L-ARGININE:CYTOPLASM,13.30836828515808,True
L-CITRULLINE:CYTOPLASM,13.30836828515808,True
L-ORNITHINE:CYTOPLASM,13.30836828515808,True
(S)-1-PYRROLINE-5-CARBOXYLATE:CYTOPLASM,13.30836828515808,True
L-GLUTAMATE-5-SEMIALDEHYDE:CYTOPLASM,13.30836828515808,True
"L,L-DIAMINOPIMELATE:CYTOPLASM",13.30836828515808,True
N-SUCCINYL-2-AMINO-6-KETOPIMELATE:CYTOPLASM,13.30836828515808,True
L-PROLINE:CYTOPLASM,13.30836828515808,True
5-(5-PHOSPHO-D-RIBOSYL-AMINOFORMIMINO)-1-(5-PHOSPHORIBOSYL)-IMIDAZOLE-4-CARBOXAMIDE:CYTOPLASM,13.30836828515808,True
L-TYROSINE:CYTOPLASM,13.30836828515808,True
ANTHRANILATE:CYTOPLASM,13.30836828515808,True
5-PHOSPHO-ALPHA-D-RIBOSE-1-DIPHOSPHATE:CYTOPLASM,13.30836828515808,True
1-(2-CARBOXYPHENYLAMINO)-1-DEOXY-D-RIBULOSE-5-PHOSPHATE:CYTOPLASM,13.30836828515808,True
"(1S,2R)-1-C-(INDOL-3-YL)GLYCEROL-3-PHOSPHATE:CYTOPLASM",13.30836828515808,True
INDOLE:CYTOPLASM,13.30836828515808,True
L-TRYPTOPHAN:CYTOPLASM,13.30836828515808,True
1-(5-PHOSPHO-BETA-D-RIBOSYL)-ATP:CYTOPLASM,13.30836828515808,True
1-(5-PHOSPHO-BETA-D-RIBOSYL)-AMP:CYTOPLASM,13.30836828515808,True
PHOSPHORIBULOSYLFORMIMINO-AICAR-PHOSPHATE:CYTOPLASM,13.30836828515808,True
"(S)-2,3,4,5-TETRAHYDRODIPICOLINATE:CYTOPLASM",13.30836828515808,True
D-ERYTHRO-1-(IMIDAZOL-4-YL)-GLYCEROL-3-PHOSPHATE:CYTOPLASM,13.30836828515808,True
5-AMINO-1-(5-PHOSPHO-D-RIBOSYL)IMIDAZOLE-4-CARBOXAMIDE:CYTOPLASM,13.30836828515808,True
3-(IMIDAZOL-4-YL)-2-OXOPROPYL-PHOSPHATE:CYTOPLASM,13.30836828515808,True
L-HISTIDINOL-PHOSPHATE:CYTOPLASM,13.30836828515808,True
HISTIDINOL:CYTOPLASM,13.30836828515808,True
HISTIDINAL:CYTOPLASM,13.30836828515808,True
L-HISTIDINE:CYTOPLASM,13.30836828515808,True
L-ASPARTATE-4-SEMIALDEHYDE:CYTOPLASM,13.30836828515808,True
"(2S,4S)-4-HYDROXY-2,3,4,5-TETRAHYDRODIPICOLINATE:CYTOPLASM",13.30836828515808,True
GAMMA-L-GLUTAMYL 5-PHOSPHATE:CYTOPLASM,13.30836828515808,True
ADENOSINE-5'-PHOSPHOSULFATE:CYTOPLASM,13.30836828515808,True
PREPHENATE:CYTOPLASM,13.30836828515808,True
DGDP:CYTOPLASM,13.30836828515808,True
N1-(5-PHOSPHO-BETA-D-RIBOSYL)GLYCINAMIDE:CYTOPLASM,13.30836828515808,True
ADENYLO-SUCCINATE:CYTOPLASM,13.30836828515808,True
5-FORMAMIDO-1-(5-PHOSPHO-D-RIBOSYL)-IMIDAZOLE-4-CARBOXAMIDE:CYTOPLASM,13.30836828515808,True
N2-FORMYL-N1-(5-PHOSPHO-BETA-D-RIBOSYL)GLYCINAMIDE:CYTOPLASM,13.30836828515808,True
2-(FORMAMIDO)-N1-(5-PHOSPHO-BETA-D-RIBOSYL)ACETAMIDINE:CYTOPLASM,13.30836828515808,True
GMP:CYTOPLASM,13.30836828515808,True
GDP:CYTOPLASM,13.30836828515808,True
DADP:CYTOPLASM,13.30836828515808,True
DATP:CYTOPLASM,13.30836828515808,True
DGTP:CYTOPLASM,13.30836828515808,True
5-AMINO-1-(5-PHOSPHO-BETA-D-RIBOSYL)IMIDAZOLE:CYTOPLASM,13.30836828515808,True
GTP:CYTOPLASM,13.30836828515808,True
IMP:CYTOPLASM,13.30836828515808,True
XMP:CYTOPLASM,13.30836828515808,True
S-METHYL-5-THIOADENOSINE:CYTOPLASM,13.30836828515808,True
S-METHYL-5-THIO-D-RIBOSE-1-PHOSPHATE:CYTOPLASM,13.30836828515808,True
5-METHYLSULFANYL-RIBULOSE-1-PHOSPHATE:CYTOPLASM,13.30836828515808,True
S-METHYL-THIOACETATE:CYTOPLASM,13.30836828515808,True
2-METHYLTHIOETHANOL:CYTOPLASM,13.30836828515808,True
METHANETHIOL:CYTOPLASM,13.30836828515808,True
5-PHOSPHO-BETA-D-RIBOSYLAMINE:CYTOPLASM,13.30836828515808,True
5-AMINO-1-(5-PHOSPHO-D-RIBOSYL)IMIDAZOLE-4-CARBOXYLATE:CYTOPLASM,13.30836828515808,True
3'-PHOSPHOADENYLYL-SULFATE:CYTOPLASM,13.30836828515808,True
UDP:CYTOPLASM,13.30836828515808,True
SULFITE:CYTOPLASM,13.30836828515808,True
5-PHOSPHO-ALPHA-D-RIBOSE 1-DIPHOSPHATE:CYTOPLASM,13.30836828515808,True
(S)-DIHYDROOROTATE:CYTOPLASM,13.30836828515808,True
OROTATE:CYTOPLASM,13.30836828515808,True
N-CARBAMOYL-L-ASPARTATE:CYTOPLASM,13.30836828515808,True
DUMP:CYTOPLASM,13.30836828515808,True
DTMP:CYTOPLASM,13.30836828515808,True
DTDP:CYTOPLASM,13.30836828515808,True
UMP:CYTOPLASM,13.30836828515808,True
UTP:CYTOPLASM,13.30836828515808,True
5'-PHOSPHORIBOSYL-4-(N-SUCCINOCARBOXAMIDE)-5-AMINOIMIDAZOLE:CYTOPLASM,13.30836828515808,True
CTP:CYTOPLASM,13.30836828515808,True
CDP:CYTOPLASM,13.30836828515808,True
DCDP:CYTOPLASM,13.30836828515808,True
DCTP:CYTOPLASM,13.30836828515808,True
DUTP:CYTOPLASM,13.30836828515808,True
DTTP:CYTOPLASM,13.30836828515808,True
DUDP:CYTOPLASM,13.30836828515808,True
FORMATE:CYTOPLASM,13.30836828515808,True
OROTIDINE 5'-PHOSPHATE:CYTOPLASM,13.30836828515808,True
3-(4-HYDROXYPHENYL)PYRUVATE:CYTOPLASM,13.30836828515808,True
N-(5-PHOSPHORIBOSYL)-ANTHRANILATE:CYTOPLASM,13.30836828515808,True
CHORISMATE:CYTOPLASM,13.30836828515808,True
5-O-(1-CARBOXYLATOVINYL)-3-PHOSPHONATOSHIKIMATE:CYTOPLASM,13.30836828515808,True
"BETA-D-FRUCTOSE-1,6-BISPHOSPHATE:CYTOPLASM",13.30836828515808,True
ACETATE:CYTOPLASM,13.30836828515808,True
GLYCERONE_PHOSPHATE:CYTOPLASM,13.30836828515808,True
L-GLUTAMATE:CYTOPLASM,13.30836828515808,True
L-ASPARTATE:CYTOPLASM,13.30836828515808,True
L-ASPARTYL-4-PHOSPHATE:CYTOPLASM,13.30836828515808,True
L-ASPARTATE-SEMIALDEHYDE:CYTOPLASM,13.30836828515808,True
L-HOMOSERINE:CYTOPLASM,13.30836828515808,True
BETA-D-FRUCTOSE-6-PHOSPHATE:CYTOPLASM,13.30836828515808,True
O-ACETYL-L-HOMOSERINE:CYTOPLASM,13.30836828515808,True
H2S:CYTOPLASM,13.30836828515808,True
L-HOMOCYSTEINE:CYTOPLASM,13.30836828515808,True
D-GLYCERALDEHYDE-3-PHOSPHATE:CYTOPLASM,13.30836828515808,True
L-METHIONINE:CYTOPLASM,13.30836828515808,True
S-ADENOSYL-L-METHIONINE:CYTOPLASM,13.30836828515808,True
D-RIBULOSE-5-PHOSPHATE:CYTOPLASM,13.30836828515808,True
ACETALDEHYDE:CYTOPLASM,13.30836828515808,True
GLYOXYLATE:CYTOPLASM,13.30836828515808,True
3-PHOSPHO-D-GLYCEROYL-PHOSPHATE:CYTOPLASM,13.30836828515808,True
ACETYL-COA:CYTOPLASM,13.30836828515808,True
D-XYLULOSE-5-PHOSPHATE:CYTOPLASM,13.30836828515808,True
D-RIBOSE-5-PHOSPHATE:CYTOPLASM,13.30836828515808,True
"D-SEDOHEPTULOSE-1,7-BISPHOSPHATE:CYTOPLASM",13.30836828515808,True
2-PHOSPHO-D-GLYCERATE:CYTOPLASM,13.30836828515808,True
PHOSPHOENOLPYRUVATE:CYTOPLASM,13.30836828515808,True
PYRUVATE:CYTOPLASM,13.30836828515808,True
D-ERYTHROSE-4-PHOSPHATE:CYTOPLASM,13.30836828515808,True
OXALOACETATE:CYTOPLASM,13.30836828515808,True
(S)-MALATE:CYTOPLASM,13.30836828515808,True
CITRATE:CYTOPLASM,13.30836828515808,True
CIS-ACONITATE:CYTOPLASM,13.30836828515808,True
D-THREO-ISOCITRATE:CYTOPLASM,13.30836828515808,True
2-OXOGLUTARATE:CYTOPLASM,13.30836828515808,True
SUCCINYL-COA:CYTOPLASM,13.30836828515808,True
SUCCINATE:CYTOPLASM,13.30836828515808,True
FUMARATE:CYTOPLASM,13.30836828515808,True
S-RIBOSYL-L-HOMOCYSTEINE:CYTOPLASM,13.30836828515808,True
S-ADENOSYL-L-HOMOCYSTEINE:CYTOPLASM,13.30836828515808,True
"(2R,3S)-3-ISOPROPYLMALATE:CYTOPLASM",13.30836828515808,True
(2S)-2-ISOPROPYLMALATE:CYTOPLASM,13.30836828515808,True
(2S)-2-ISOPROPYL-3-OXOSUCCINATE:CYTOPLASM,13.30836828515808,True
4-METHYL-2-OXOPENTANOATE:CYTOPLASM,13.30836828515808,True
2-AMINOBUT-2-ENOATE:CYTOPLASM,13.30836828515808,True
2-IMINOBUTANOATE:CYTOPLASM,13.30836828515808,True
"(R)-2,3-DIHYDROXY-3-METHYLPENTANOATE:CYTOPLASM",13.30836828515808,True
(S)-3-METHYL-2-OXOPENTANOATE:CYTOPLASM,13.30836828515808,True
(S)-2-ACETO-2-HYDROXYBUTANOATE:CYTOPLASM,13.30836828515808,True
2-OXOBUTANOATE:CYTOPLASM,13.30836828515808,True
L-ISOLEUCINE:CYTOPLASM,13.30836828515808,True
(S)-2-ACETOLACTATE:CYTOPLASM,13.30836828515808,True
L-LEUCINE:CYTOPLASM,13.30836828515808,True
L-THREONINE:CYTOPLASM,13.30836828515808,True
L-VALINE:CYTOPLASM,13.30836828515808,True
3-DEOXY-D-ARABINO-HEPTULOSONATE-7-PHOSPHATE:CYTOPLASM,13.30836828515808,True
3-DEHYDROQUINATE:CYTOPLASM,13.30836828515808,True
3-DEHYDROSHIKIMATE:CYTOPLASM,13.30836828515808,True
SHIKIMATE:CYTOPLASM,13.30836828515808,True
SHIKIMATE-3-PHOSPHATE:CYTOPLASM,13.30836828515808,True
2-ISOPROPYLMALEATE:CYTOPLASM,13.30836828515808,True
D-SEDOHEPTULOSE-7-PHOSPHATE:CYTOPLASM,13.30836828515808,True
O-SUCCINYL-L-HOMOSERINE:CYTOPLASM,13.30836828515808,True
L-CYSTATHIONINE:CYTOPLASM,13.30836828515808,True
3-PHOSPHO-D-GLYCERATE:CYTOPLASM,13.30836828515808,True
"(2R)-2,3-DIHYDROXY-3-METHYLBUTANOATE:CYTOPLASM",13.30836828515808,True
L-GLUTAMINE:CYTOPLASM,13.30836828515808,True
O-ACETYL-L-SERINE:CYTOPLASM,13.30836828515808,True
3-PHOSPHOOXYPYRUVATE:CYTOPLASM,13.30836828515808,True
L-CYSTEINE:CYTOPLASM,13.30836828515808,True
3-PHOSPHO-L-SERINE:CYTOPLASM,13.30836828515808,True
3-METHYL-2-OXOBUTANOATE:CYTOPLASM,13.30836828515808,True
L-SERINE:CYTOPLASM,13.30836828515808,True
H2O:CYTOPLASM,24.232506584892604,False
NADH:CYTOPLASM,13.122038706966586,False
ADP:CYTOPLASM,8.123379603917046,False
NAD+:CYTOPLASM,14.263879730185515,False
FD_RED:CYTOPLASM,14.001515465718025,False
ORTHOPHOSPHATE:CYTOPLASM,16.30410055871207,False
NADP+:CYTOPLASM,7.142550350905319,False
ETHYLENE:CYTOPLASM,4.098027913181896,False
H2:CYTOPLASM,0.1860049077537506,False
NADPH:CYTOPLASM,11.188104748957988,False
ATP:CYTOPLASM,17.872716476625914,False
A_REDUCED_THIOREDOXIN:CYTOPLASM,14.001515465718025,False
N10-FORMYLTETRAHYDROFOLATE:CYTOPLASM,14.001515465718025,False
COA:CYTOPLASM,6.737085242797155,False
CO2:CYTOPLASM,11.005783192164033,False
A_REDUCED_FERREDOXIN:CYTOPLASM,14.001515465718025,False
AN_OXIDIZED_FERREDOXIN:CYTOPLASM,14.001515465718025,False
"5,10-METHYLENETETRAHYDROFOLATE:CYTOPLASM",14.001515465718025,False
NH3:CYTOPLASM,11.005783192164033,False
"(4S)-4,5-DIHYDROXYPENTAN-2,3-DIONE:CYTOPLASM",0.1860049077537506,False
ADENINE:CYTOPLASM,7.093760186735888,False
ADENOSINE:CYTOPLASM,-11.326920557216479,False
TETRAHYDROFOLATE:CYTOPLASM,14.001515465718025,False
5-METHYLTETRAHYDROFOLATE:CYTOPLASM,14.001515465718025,False
SULFATE:CYTOPLASM,15.610953378152125,False
"ADENOSINE-3',5'-BISPHOSPHATE:CYTOPLASM",13.30836828515808,False
AN_OXIDIZED_THIOREDOXIN:CYTOPLASM,14.001515465718025,False
DIPHOSPHATE:CYTOPLASM,11.005783192164033,False
AMP:CYTOPLASM,5.131212396527551,False
"A 7,8-DIHYDROFOLATE:CYTOPLASM",14.001515465718025,False
ETHANOL:CYTOPLASM,17.751019541648397,False
FD_OX:CYTOPLASM,7.093760186735888,False
PROTEIN,-0.5071422728061947,False
RNA,1.795442820187851,False
DNA,-0.5071422728061947,False
